,미나리,깻잎,부추,무,열무,당근,감자,고구마,도라지 ,콩나물,버섯,오이,고추(풋고추),호박,가지,토마토,파,양파,마늘,브로콜리,고사리,파프리카,단무지,김(김+맛김),미역,초콜릿,사탕,껌,아이스크림,과자(비스킷+스낵과자+파이),설탕,잼,꿀,물엿,고추가루,참깨,생강,소금,간장,된장,소스(양념소스),고추장,카레,식초,드레싱,다시(혼합조미료),스프,영유아식(이유식)\,김치,반찬(밑반찬),냉동식품,인스턴트(즉석식품),편의점도시락,삼각김밥,커피,차,주스,두유,생수,음료,소주,와인(과실주),맥주,막걸리,양주(양주+약주),담배,"남자옷(남자외의, 남자상의, 남자하의, 남자내의)"
2020-01-05,4,12,37,61,0,32,46,51,28,73,45,45,51,25,18,46,55,28,38,76,20,54,0,28,63,26,53,42,33,48,40,44,30,0,23,63,0,33,66,50,69,66,63,61,43,<1,17,68,36,56,0,86,0,0,72,63,58,57,21,42,44,41,51,43,48,30,61
2020-01-12,0,11,27,57,0,38,43,59,34,75,43,47,53,28,18,43,53,34,35,76,17,57,23,27,56,24,54,40,32,47,43,47,34,0,25,44,0,37,78,49,68,60,67,53,47,0,19,54,37,61,0,0,0,0,72,59,65,61,17,41,43,39,53,42,65,24,49
2020-01-19,5,26,21,64,13,46,41,46,85,74,51,44,52,24,15,39,50,23,32,59,88,26,0,31,48,24,47,46,34,46,35,41,19,0,32,48,0,32,80,57,65,61,63,59,54,<1,14,55,40,49,0,0,0,0,65,66,53,48,0,41,44,53,54,58,75,33,48
2020-01-26,5,7,22,54,0,43,39,50,39,67,47,43,52,24,17,42,46,23,32,84,24,32,0,32,41,28,45,57,31,46,37,24,27,100,20,61,0,37,77,67,64,76,58,65,42,0,14,26,41,58,0,0,0,0,73,62,54,61,0,37,46,36,52,97,47,37,48
2020-02-02,9,21,44,69,0,50,43,53,36,77,44,41,50,35,29,43,36,29,36,73,37,50,0,30,53,35,50,48,37,57,39,56,33,72,29,56,0,42,82,76,63,78,65,68,58,0,19,78,43,49,0,0,0,81,70,58,57,59,24,36,29,44,50,84,47,33,50
2020-02-09,9,19,37,50,0,68,45,49,32,88,46,43,52,26,25,58,56,22,30,50,17,36,30,32,53,82,59,48,34,49,36,41,17,0,35,42,0,42,78,61,67,83,71,56,67,0,13,51,43,52,0,0,0,0,70,60,65,51,15,40,45,38,52,100,57,19,51
2020-02-16,8,21,44,55,0,43,46,55,32,89,41,42,49,25,24,49,56,25,37,88,17,42,40,35,68,37,50,45,32,57,38,53,30,0,38,50,0,41,72,61,68,78,77,65,47,0,18,38,43,64,0,60,0,0,65,64,60,66,15,35,41,39,49,76,44,23,61
2020-02-23,8,16,33,57,15,40,47,48,37,73,40,44,50,24,23,49,49,29,34,85,17,39,27,32,56,29,52,41,32,56,38,48,23,0,26,42,0,35,80,67,69,78,70,62,63,0,16,57,43,58,0,0,0,0,60,62,64,47,18,32,30,31,46,69,33,29,40
2020-03-01,14,19,52,62,16,53,50,51,55,86,45,52,52,20,19,49,34,30,40,69,19,34,37,29,53,27,53,33,40,60,44,52,33,0,18,47,5,35,95,67,81,87,82,71,38,0,17,66,44,58,0,51,0,0,74,53,66,59,15,30,34,33,47,71,44,34,51
2020-03-08,15,27,48,63,33,49,91,53,39,91,50,49,47,23,23,52,48,36,38,80,24,42,45,28,51,32,80,42,40,49,43,49,28,56,22,54,0,36,97,72,83,80,92,68,60,<1,19,73,49,59,0,100,0,0,74,58,52,67,15,31,37,35,45,94,27,22,51
2020-03-15,17,24,49,100,29,61,100,54,42,84,45,59,55,20,23,62,64,37,39,78,21,51,40,32,48,35,60,40,36,57,43,49,29,63,34,64,0,40,100,100,82,86,89,72,52,<1,19,49,62,52,0,44,0,0,74,59,75,69,17,32,39,35,46,97,38,27,52
2020-03-22,21,21,63,97,41,52,72,55,36,80,40,62,52,21,24,61,61,36,35,93,21,47,20,23,53,28,52,44,33,50,44,49,28,0,30,64,0,42,85,76,82,100,84,58,53,<1,22,45,55,63,0,0,0,0,71,54,70,64,14,30,31,29,46,86,19,30,62
2020-03-29,15,21,63,76,51,46,60,52,33,80,46,70,60,19,24,63,52,34,36,66,25,68,33,26,42,25,41,40,32,54,43,57,22,81,33,60,0,37,82,66,79,85,70,72,56,<1,21,34,53,58,0,57,0,0,78,63,66,67,13,32,37,37,45,84,20,38,62
2020-04-05,19,24,61,58,48,50,51,51,32,90,46,71,58,23,27,61,60,35,41,53,29,58,28,30,56,27,42,40,33,60,44,38,28,0,29,64,0,37,76,63,81,74,69,91,98,0,23,64,54,54,0,0,0,0,76,58,71,74,20,33,39,37,45,78,29,32,63
2020-04-12,17,33,64,72,49,52,49,49,28,78,43,74,61,22,28,59,48,40,37,58,33,69,27,24,46,28,43,44,30,50,50,57,25,0,29,64,0,40,80,71,80,86,65,75,80,0,16,52,52,50,0,0,0,0,73,54,67,68,0,26,30,36,44,76,20,27,51
2020-04-19,17,31,60,54,46,47,48,55,29,78,46,77,62,21,32,54,46,41,34,55,40,59,22,29,47,27,43,38,32,51,48,42,22,55,39,78,0,42,79,62,76,83,73,75,57,<1,19,40,49,47,0,41,0,0,71,58,78,60,13,32,36,38,44,68,27,32,46
2020-04-26,13,27,64,54,44,57,49,60,25,83,41,86,65,25,38,59,59,40,41,94,45,71,0,27,30,28,41,57,35,55,47,53,29,0,24,79,0,41,74,62,80,87,71,77,55,0,22,49,49,45,0,58,0,0,73,59,60,77,16,36,39,40,52,90,28,37,65
2020-05-03,15,22,58,55,81,59,41,50,22,71,45,84,65,21,33,64,44,39,45,70,39,68,21,22,37,25,38,52,37,54,43,58,23,0,37,68,0,42,75,63,75,80,64,76,53,<1,17,45,55,48,0,0,0,50,74,63,65,55,19,34,36,43,50,79,28,29,70
2020-05-10,14,22,62,59,99,50,45,43,25,77,36,72,58,21,37,63,39,33,44,65,35,58,25,27,34,25,42,50,38,57,44,42,28,48,27,60,0,41,76,57,70,71,61,71,60,<1,16,49,54,50,0,41,0,0,67,62,64,66,12,32,30,43,52,84,21,34,61
2020-05-17,11,25,83,57,88,59,44,46,23,78,40,78,56,20,41,66,41,37,62,66,32,65,27,27,39,23,44,50,37,53,46,57,25,0,39,75,0,44,66,64,79,71,61,77,61,0,14,49,55,51,0,47,0,0,68,67,63,66,0,37,38,42,51,83,0,35,47
2020-05-24,11,33,87,64,82,51,46,38,18,69,38,82,62,26,30,68,43,42,73,72,34,58,25,27,38,27,51,50,40,55,48,54,31,0,18,54,0,44,78,65,77,77,63,90,40,0,16,45,58,61,0,69,0,0,67,63,68,74,15,38,41,39,56,74,18,27,54
2020-05-31,10,28,70,57,82,46,46,40,18,63,38,87,59,22,45,67,37,48,78,64,27,54,18,21,41,26,45,42,45,56,43,50,32,0,24,61,0,40,81,56,73,68,67,90,57,0,17,54,59,53,0,51,0,0,68,65,74,64,23,40,38,49,62,80,37,33,55
2020-06-07,6,36,66,60,77,46,50,38,18,68,36,100,59,23,40,71,46,48,63,67,18,58,41,25,60,23,44,44,40,52,45,55,31,58,23,54,0,40,70,53,73,60,51,96,62,0,16,44,55,44,0,49,0,0,64,56,100,78,30,36,32,44,63,80,41,20,49
2020-06-14,6,40,63,57,85,46,52,37,13,68,37,92,62,22,46,65,66,49,63,61,19,57,26,21,51,23,41,43,43,59,47,52,27,0,27,64,0,43,75,52,76,69,62,92,55,<1,20,52,57,49,0,64,0,47,69,68,88,56,23,39,35,39,59,73,31,39,60
2020-06-21,6,50,69,57,80,41,70,35,25,66,41,85,63,32,50,70,63,49,52,66,22,79,35,100,46,23,41,43,52,56,44,57,29,72,21,53,0,44,78,60,75,72,75,75,63,0,14,55,65,58,0,0,0,0,69,68,81,55,17,37,34,48,63,85,34,38,41
2020-06-28,5,44,63,52,78,39,74,45,59,73,40,75,64,29,58,60,56,44,53,64,20,94,37,40,53,22,45,48,52,58,45,65,23,0,39,61,0,38,67,58,70,67,68,85,73,<1,16,50,64,50,0,0,0,0,63,63,77,57,25,38,35,41,68,76,50,33,44
2020-07-05,5,52,72,52,80,51,69,42,32,60,40,84,66,28,61,67,43,49,40,55,18,100,23,33,54,23,44,50,53,45,37,71,34,73,28,54,0,45,71,57,65,71,68,88,35,0,15,53,64,49,0,0,0,0,64,61,85,57,16,37,38,41,59,79,0,39,60
2020-07-12,0,47,100,55,63,41,60,53,21,69,44,72,67,38,72,69,51,42,44,38,21,70,26,29,49,22,44,42,50,64,43,55,35,0,26,59,0,41,69,55,66,82,73,88,64,0,18,49,62,49,0,45,0,69,65,63,73,58,20,38,38,39,63,70,32,27,57
2020-07-19,4,57,97,46,68,55,56,46,14,60,47,66,65,41,91,59,44,44,37,52,14,72,29,25,49,23,43,38,50,59,43,48,28,0,33,43,0,44,72,58,70,70,66,100,62,0,19,44,64,42,0,59,0,59,68,58,69,57,20,36,40,41,62,76,45,35,48
2020-07-26,4,65,81,43,65,48,51,48,17,70,48,72,73,35,78,55,44,35,30,52,17,63,35,28,47,21,40,41,46,65,37,51,25,0,36,61,0,45,73,63,75,67,66,81,61,<1,20,44,69,49,0,47,0,0,64,62,68,55,14,38,37,38,55,79,36,31,51
2020-08-02,4,64,65,53,50,51,51,45,18,58,46,62,73,33,73,56,45,33,29,0,15,50,35,35,44,24,42,37,43,59,45,68,29,0,29,70,0,39,75,53,64,50,66,73,37,<1,14,48,72,43,0,48,72,0,63,58,62,55,17,37,34,45,56,55,47,32,50
2020-08-09,3,59,63,56,50,52,45,44,14,66,49,57,88,27,61,46,47,38,32,39,19,46,22,32,41,23,44,42,43,57,39,77,21,0,47,62,0,38,68,50,76,62,66,90,39,<1,15,44,67,38,0,45,0,0,64,54,57,64,24,39,37,49,64,66,40,35,50
2020-08-16,0,58,50,51,46,65,43,61,14,76,49,58,94,36,57,52,44,36,30,25,18,44,24,26,66,23,42,42,51,60,46,77,27,0,65,72,0,41,76,53,81,67,63,79,70,<1,15,46,68,51,0,45,0,0,65,58,69,68,17,38,39,52,58,59,39,35,59
2020-08-23,0,48,57,55,37,62,44,58,16,74,51,57,76,34,54,52,41,34,29,54,21,47,24,29,68,22,39,31,65,56,38,57,29,0,83,56,0,39,73,57,74,53,57,84,32,<1,14,32,73,49,0,47,0,0,60,57,58,65,22,33,28,40,50,51,40,31,53
2020-08-30,4,52,68,46,46,58,40,63,17,76,47,50,80,35,51,50,55,30,29,56,14,42,30,29,46,20,38,40,59,54,44,89,29,0,80,68,0,37,84,56,75,63,60,64,60,<1,16,40,79,52,0,0,0,0,58,56,64,65,0,32,29,37,49,49,44,32,48
2020-09-06,4,44,59,44,51,60,45,65,19,89,55,47,69,36,47,48,51,40,28,46,20,43,25,27,44,22,42,47,47,52,42,82,28,0,87,100,0,41,81,55,84,67,71,71,52,0,21,41,67,51,0,0,57,45,60,54,57,60,22,29,32,41,47,57,51,30,49
2020-09-13,4,28,84,60,39,64,37,72,30,67,66,38,78,34,41,46,36,38,30,45,20,42,23,27,31,25,46,38,45,55,43,70,19,41,87,83,0,41,84,45,70,59,64,69,48,<1,14,53,78,59,0,0,0,0,64,58,59,73,17,34,31,49,45,50,45,31,61
2020-09-20,3,30,70,56,40,47,36,71,40,75,72,39,60,31,44,45,42,33,28,51,32,41,29,25,25,25,46,47,45,50,47,59,29,44,51,64,0,39,89,51,73,65,57,74,37,<1,16,40,91,53,0,62,0,0,68,61,58,63,16,32,36,53,48,50,55,29,50
2020-09-27,0,31,71,69,51,58,37,73,100,80,100,48,66,35,41,44,47,36,30,37,99,36,38,23,25,24,44,56,48,65,50,71,32,0,41,73,0,43,79,52,83,74,55,62,61,0,12,30,88,54,0,49,0,0,73,60,55,41,0,31,41,64,51,66,92,33,56
2020-10-04,0,30,60,51,47,62,39,85,37,69,84,42,71,48,42,42,40,34,36,25,23,46,33,21,27,23,42,48,46,56,45,100,33,0,53,65,0,49,78,72,67,73,61,84,38,<1,19,44,76,53,0,68,0,0,68,62,57,53,23,33,40,49,47,52,43,28,62
2020-10-11,6,36,57,58,39,58,41,97,34,76,67,48,81,48,41,41,28,27,38,60,23,27,23,30,39,26,44,40,47,58,45,84,30,0,52,56,0,50,79,55,67,69,58,97,59,<1,17,25,80,53,58,0,0,0,62,61,61,57,22,37,41,52,50,49,50,34,49
2020-10-18,5,23,36,68,29,67,38,100,34,72,52,47,79,64,30,42,27,27,33,45,18,44,37,24,33,26,56,44,50,60,44,59,26,0,47,55,0,49,86,61,69,71,56,77,60,<1,16,45,79,57,0,54,0,0,65,64,55,56,19,34,34,54,48,53,52,35,52
2020-10-25,0,31,34,78,20,54,39,85,33,67,50,42,75,93,37,46,45,34,30,65,26,55,55,25,33,26,65,100,47,59,47,60,30,0,65,68,0,45,69,63,65,57,57,69,43,<1,17,42,85,62,0,59,0,0,68,66,59,50,20,32,43,50,54,60,57,30,60
2020-11-01,4,27,29,69,20,48,35,69,30,73,42,43,63,49,30,41,31,24,28,58,19,48,33,22,32,30,42,79,44,57,45,72,21,0,51,55,0,40,70,53,66,58,63,56,51,<1,21,34,86,61,62,0,0,72,62,64,56,47,0,36,41,43,47,60,37,38,47
2020-11-08,5,19,48,73,19,66,37,70,31,70,46,43,64,38,22,45,40,25,28,45,15,52,56,23,32,33,40,60,47,64,46,57,32,0,59,59,0,42,65,58,73,65,60,72,49,<1,20,35,85,66,0,0,0,0,63,70,65,47,15,36,46,44,49,54,59,26,56
2020-11-15,4,19,33,90,15,57,35,58,29,72,44,41,62,37,23,45,70,26,29,50,19,59,29,22,36,31,44,62,46,50,39,47,30,0,70,59,0,42,67,54,62,56,61,73,46,<1,21,48,86,63,0,68,0,0,64,70,55,49,25,36,36,44,55,64,49,38,38
2020-11-22,5,23,33,85,12,55,36,61,33,64,45,39,60,32,19,48,37,26,30,78,17,54,32,25,39,27,48,54,44,54,41,56,28,0,56,56,33,47,67,58,71,57,58,63,55,<1,20,57,85,69,0,47,0,0,65,66,61,41,15,34,43,42,47,52,53,44,44
2020-11-29,3,28,24,67,0,66,35,56,23,61,42,33,58,26,22,45,48,31,26,49,15,62,28,26,25,32,45,42,42,54,44,56,28,0,60,58,34,45,65,51,62,58,56,66,46,<1,19,34,80,76,0,0,0,0,66,67,65,49,0,35,32,51,46,47,47,25,45
2020-12-06,0,28,18,80,0,55,36,60,26,71,41,33,56,29,16,43,36,26,26,56,14,38,24,27,33,24,44,40,42,64,45,73,23,0,40,56,28,40,82,57,73,68,58,66,57,<1,22,20,72,68,61,46,0,55,61,67,58,42,31,47,33,56,43,38,48,29,40
2020-12-13,5,21,28,69,9,66,36,62,19,73,39,29,52,26,20,47,42,25,30,59,11,52,28,28,46,29,43,44,35,58,40,65,33,83,33,55,39,41,98,53,73,64,58,63,44,<1,26,36,66,79,0,0,0,0,61,65,54,55,14,35,37,62,40,48,60,38,30
2020-12-20,7,22,44,52,0,61,42,60,24,80,47,33,62,31,21,50,53,34,29,73,18,44,33,36,40,30,47,36,37,73,49,49,30,0,40,51,43,41,74,50,90,58,60,63,67,<1,31,25,63,82,0,72,0,0,58,61,64,49,16,31,37,100,45,46,62,22,48
2020-12-27,8,19,21,61,11,69,37,54,23,75,48,28,55,26,17,45,40,25,26,61,17,54,31,42,49,27,44,52,34,68,42,51,28,49,28,50,26,44,93,68,86,58,60,53,54,<1,28,55,69,80,0,46,0,0,58,68,63,51,26,32,40,69,49,53,68,34,41
2021-01-03,8,18,32,65,0,58,40,58,21,87,43,34,56,26,21,50,53,28,29,70,23,38,0,39,53,30,49,34,38,55,39,57,26,0,0,58,28,39,82,64,85,61,77,61,52,<1,30,55,63,95,0,84,0,0,58,70,62,54,29,30,33,53,44,57,57,32,43
2021-01-10,7,23,41,54,0,81,35,57,25,88,50,33,56,33,21,46,38,26,36,66,17,56,30,39,59,28,47,51,36,61,42,73,29,48,13,66,42,42,83,67,89,66,69,67,55,<1,34,48,67,99,0,90,0,0,62,66,58,57,0,35,45,52,44,51,35,33,45
2021-01-17,12,21,32,53,0,75,38,59,26,100,50,33,56,34,18,52,57,30,26,72,23,38,26,39,70,30,49,45,33,74,47,61,32,0,22,67,41,41,80,54,92,65,60,79,64,<1,33,40,64,87,0,64,0,0,66,67,55,65,0,38,34,56,45,43,53,34,36
2021-01-24,16,19,30,68,0,72,39,53,33,82,47,34,52,32,20,46,44,28,28,66,18,46,31,35,56,32,49,44,38,65,48,63,31,53,28,63,40,41,72,61,87,66,61,70,68,<1,37,32,62,92,74,50,0,0,65,71,60,50,15,36,38,50,45,43,40,26,37
2021-01-31,22,16,32,64,0,74,37,50,26,77,48,33,54,26,21,50,56,34,29,85,18,45,27,23,49,41,50,45,37,64,46,73,32,0,39,63,41,41,83,57,89,63,58,65,75,4,48,42,100,100,0,0,0,0,63,60,56,48,0,35,37,56,41,37,57,33,45
2021-02-07,20,24,26,68,0,69,34,46,87,79,57,32,57,28,19,63,55,34,27,41,91,45,21,37,37,57,59,62,37,57,53,76,32,0,24,64,37,41,86,54,90,61,55,60,52,13,41,71,77,94,0,0,0,0,61,69,55,47,26,35,44,58,49,59,100,29,45
2021-02-14,14,17,38,56,26,71,35,46,36,84,48,32,54,29,17,51,46,30,28,83,26,38,32,28,42,51,55,41,36,52,51,85,25,0,33,57,42,39,72,64,80,59,41,66,71,25,48,76,63,92,0,0,0,0,65,80,52,68,22,40,34,48,47,47,54,33,44
2021-02-21,24,25,44,64,18,83,39,55,40,86,48,34,56,41,32,53,68,31,29,87,40,40,33,26,44,31,53,47,43,59,43,56,28,0,31,49,39,41,74,65,74,65,44,57,52,63,55,60,65,89,0,56,0,0,66,61,67,63,22,38,38,48,49,45,39,39,48
2021-02-28,62,23,56,69,14,64,38,43,25,68,46,35,53,33,27,51,48,29,26,97,18,42,38,26,37,27,55,46,49,54,49,60,20,78,31,57,41,41,65,61,72,63,33,61,80,72,53,70,55,91,0,44,0,100,66,57,64,59,25,37,33,51,41,48,52,26,48
2021-03-07,49,19,64,68,23,71,39,42,31,61,45,34,53,27,30,51,47,24,26,100,21,41,47,25,74,36,67,54,56,55,54,60,23,0,30,45,36,42,70,55,70,62,32,70,0,64,66,65,65,92,57,0,0,0,66,56,57,65,28,40,33,42,48,48,37,19,50
2021-03-14,54,16,48,52,50,74,41,40,31,67,45,40,55,28,27,56,51,31,23,65,23,45,36,24,51,33,66,42,53,59,57,45,23,0,37,39,44,45,66,53,73,66,33,66,54,61,80,77,69,79,47,47,0,0,71,56,52,72,29,42,33,38,47,42,44,26,47
2021-03-21,35,19,44,47,41,68,41,42,30,54,46,43,54,24,24,53,49,31,27,67,24,51,22,24,47,32,54,35,50,55,55,39,24,50,28,68,45,40,60,59,75,83,34,72,61,58,73,57,70,86,48,52,0,0,72,59,61,60,17,41,36,43,47,51,42,30,44
2021-03-28,28,22,64,53,54,62,44,40,24,67,45,42,56,28,28,56,43,31,23,70,33,44,19,25,38,32,53,54,42,60,57,49,19,0,26,57,45,43,69,55,75,64,39,68,71,64,73,54,70,73,0,45,0,0,71,59,70,68,15,46,34,45,50,55,44,29,40
2021-04-04,27,27,73,48,52,62,38,39,25,66,46,46,54,27,26,64,41,31,26,76,43,48,27,21,44,30,52,51,45,55,52,55,23,0,26,72,52,44,66,57,77,50,36,70,100,63,98,43,86,81,0,51,0,0,70,58,65,73,28,45,28,47,51,43,27,34,37
2021-04-11,28,27,82,53,53,50,39,41,22,62,41,46,57,25,26,58,30,41,23,65,48,55,26,22,38,30,55,38,51,57,50,49,19,45,28,65,47,43,70,59,74,62,31,72,70,58,100,68,80,67,48,0,0,0,73,57,60,55,19,42,32,40,46,44,37,24,33
2021-04-18,38,22,65,50,64,72,38,44,22,68,45,56,64,27,33,69,47,40,23,89,33,52,30,24,36,32,52,50,51,65,51,86,21,0,26,68,47,42,66,78,80,66,30,71,56,61,95,88,92,81,49,0,0,0,75,57,63,67,18,51,38,40,52,43,61,30,46
2021-04-25,100,26,54,58,74,69,37,45,23,57,43,56,66,29,42,63,39,40,29,86,33,48,32,21,34,32,50,51,66,58,52,61,21,0,27,65,46,47,68,52,79,65,27,79,59,58,76,46,81,70,0,45,0,0,76,54,55,64,14,48,39,43,55,45,41,28,59
2021-05-02,47,19,73,56,72,66,44,49,26,52,44,57,67,31,34,65,47,43,26,53,32,40,20,23,36,34,52,48,47,63,49,42,24,0,24,67,43,46,67,56,88,57,29,72,53,60,32,79,78,47,0,44,0,52,71,55,59,72,21,44,36,44,62,52,48,41,51
2021-05-09,25,31,60,62,80,74,39,43,16,52,42,60,60,26,31,76,41,46,31,61,31,55,30,27,37,33,47,41,53,50,46,47,19,0,30,45,39,46,69,50,77,52,32,82,52,56,60,57,79,38,0,57,0,0,73,52,64,66,19,46,37,43,65,48,53,27,45
2021-05-16,21,30,82,44,66,64,45,35,24,65,46,59,60,28,33,69,36,41,38,54,24,50,25,21,38,32,45,47,48,52,48,65,24,0,26,69,42,45,70,49,83,56,34,74,56,62,28,58,90,47,0,0,0,0,72,56,64,98,16,45,38,43,62,58,40,40,48
2021-05-23,14,32,65,43,66,75,44,35,26,58,44,51,55,23,35,66,43,45,41,43,28,56,26,17,43,29,55,42,64,58,50,36,24,43,16,66,36,43,69,51,75,61,29,72,71,58,23,77,71,84,65,48,0,0,70,54,60,65,19,46,32,45,59,46,41,30,42
2021-05-30,15,27,66,49,67,69,49,44,17,52,42,57,60,29,38,70,35,46,51,62,25,55,18,23,42,30,50,49,66,51,41,48,22,0,28,52,41,48,71,45,71,59,35,88,68,61,20,67,69,72,0,53,0,0,73,57,56,54,0,54,34,44,52,43,30,31,44
2021-06-06,7,30,68,38,81,60,50,41,15,57,44,63,56,27,32,68,46,47,41,72,19,63,18,22,55,29,100,52,60,59,24,45,23,0,25,60,40,47,72,52,84,54,30,76,67,58,21,67,68,63,0,0,0,0,71,57,77,68,13,71,34,43,54,39,39,27,46
2021-06-13,5,37,47,44,63,59,59,36,13,62,45,65,60,29,34,64,48,44,41,62,20,61,22,22,42,35,95,43,59,61,20,48,24,0,34,61,40,45,69,49,80,57,27,81,63,60,19,68,67,73,0,53,0,0,76,59,72,64,0,71,34,45,62,43,38,32,56
2021-06-20,8,50,54,53,68,59,70,38,17,57,42,71,60,32,42,72,37,54,42,79,17,51,40,27,50,29,64,49,59,61,22,57,30,0,27,52,28,44,63,57,72,63,31,61,56,66,14,67,67,63,0,0,0,0,68,59,74,79,19,76,40,41,56,46,27,31,50
2021-06-27,6,47,47,53,58,63,73,39,21,57,47,72,60,34,48,71,37,53,33,66,13,64,0,18,42,30,61,44,54,54,19,61,29,0,29,54,39,43,60,49,72,51,35,71,56,58,17,53,61,49,0,0,0,0,64,58,70,72,18,56,35,46,53,43,32,30,47
2021-07-04,6,59,50,48,51,45,66,39,25,49,49,69,64,42,55,68,48,52,35,58,18,45,34,22,45,30,44,33,42,54,22,56,25,64,21,55,34,42,73,55,67,60,33,82,84,52,17,59,59,70,0,44,0,0,64,55,63,63,14,65,41,44,52,46,40,30,31
2021-07-11,6,54,57,48,51,61,62,40,16,52,46,77,69,43,77,67,48,45,35,55,15,56,29,20,73,30,44,45,52,47,22,59,24,0,28,66,39,48,64,43,77,50,35,74,58,57,22,55,51,71,0,0,0,0,67,58,67,59,19,85,38,33,57,45,39,31,51
2021-07-18,8,50,47,44,53,74,52,49,18,54,49,76,70,47,90,65,42,42,29,73,12,43,33,21,71,31,48,46,58,53,19,64,23,0,41,56,35,47,71,45,76,50,30,92,49,62,19,58,52,88,0,0,0,0,68,60,52,66,15,80,39,40,55,51,39,32,38
2021-07-25,5,54,48,68,57,58,51,45,14,57,42,71,71,41,82,64,44,34,28,49,9,42,24,23,60,32,50,44,55,59,20,45,25,0,45,69,35,44,64,47,84,58,36,82,62,64,19,68,55,68,0,0,0,0,70,53,55,81,16,82,36,37,55,51,47,26,40
2021-08-01,6,63,52,55,48,67,45,47,13,57,45,68,87,41,68,67,36,41,34,69,11,58,23,23,62,31,51,61,48,56,21,56,24,0,55,69,36,48,68,51,84,59,42,92,76,66,19,71,58,67,0,0,0,0,72,69,65,63,36,80,38,37,56,42,35,26,33
2021-08-08,0,67,47,74,43,49,46,46,21,56,48,62,91,40,90,68,37,33,33,58,16,45,25,29,52,28,52,76,55,50,17,49,28,0,66,73,37,44,69,56,70,55,40,68,34,75,16,61,62,71,0,0,62,0,67,63,58,71,17,65,39,42,60,39,63,33,48
2021-08-15,5,60,48,46,48,55,48,58,15,50,48,56,100,37,76,63,34,30,30,37,15,55,25,22,44,28,51,55,47,52,19,65,32,0,90,71,43,45,78,57,86,61,41,81,46,81,17,65,60,74,0,0,0,0,68,59,52,69,0,75,30,38,53,36,40,27,55
2021-08-22,6,54,62,50,33,52,38,58,21,53,55,44,78,37,61,51,56,34,27,44,16,65,25,23,31,28,48,44,54,63,17,55,30,54,100,72,41,45,74,44,85,60,33,68,43,76,13,52,59,70,0,48,90,0,65,61,40,52,100,62,37,41,48,47,58,40,40
2021-08-29,3,42,74,48,28,70,40,60,21,49,73,40,76,35,57,50,47,29,30,41,16,32,30,21,28,30,50,53,51,56,21,57,30,48,85,77,42,43,74,51,77,58,39,67,38,91,16,57,59,75,0,0,0,0,70,56,46,60,45,64,25,40,45,38,37,38,55
2021-09-05,6,43,52,54,30,57,37,62,29,50,81,42,69,44,52,48,38,30,27,32,17,29,26,21,26,23,46,45,47,52,16,52,28,0,84,74,33,49,70,50,74,65,35,66,38,85,13,55,60,81,0,0,0,0,69,67,39,57,26,66,37,41,46,46,49,51,45
2021-09-12,5,33,42,53,40,58,34,64,55,47,87,41,66,37,46,37,36,28,25,58,41,34,42,25,29,28,46,29,50,64,19,71,43,0,51,76,38,48,79,37,68,55,30,64,51,79,16,38,60,73,0,0,0,0,71,66,50,84,15,59,32,53,54,41,55,34,53
2021-09-19,21,32,47,53,26,62,33,69,80,61,94,41,75,46,44,46,48,29,24,33,76,29,0,28,18,23,46,39,35,61,17,57,40,0,57,85,42,51,80,43,73,58,32,75,51,100,13,54,57,78,0,0,70,59,69,72,43,67,33,78,36,55,55,49,57,36,54
2021-09-26,0,24,48,45,24,58,33,75,24,52,64,39,74,51,47,46,31,27,27,47,21,28,0,29,40,25,48,53,33,57,15,50,32,0,63,64,35,47,81,62,62,70,38,68,69,88,17,73,52,71,0,0,0,0,65,72,40,72,17,100,33,43,42,49,44,26,53
2021-10-03,5,26,52,51,30,53,34,85,23,66,59,32,79,47,47,42,21,27,28,49,18,33,26,20,29,24,56,42,30,50,13,45,30,0,52,64,51,48,75,50,72,72,33,63,45,81,16,64,58,79,0,0,0,0,69,76,44,63,21,98,32,48,46,50,52,48,57
2021-10-10,7,30,60,61,23,62,38,97,29,62,56,41,74,57,47,48,42,29,22,58,12,30,27,17,23,27,61,48,37,61,13,49,34,49,68,49,69,50,81,58,68,82,42,73,0,85,15,62,60,65,0,0,0,0,72,70,41,90,16,86,31,48,47,48,48,27,59
2021-10-17,4,25,42,55,12,49,34,85,32,52,53,34,73,67,36,44,50,26,25,45,15,37,27,26,21,30,62,41,43,59,17,36,34,0,42,58,86,47,72,54,74,64,34,61,50,84,18,41,60,68,0,67,0,0,70,69,46,67,23,58,35,43,45,31,39,30,64
2021-10-24,5,15,47,69,13,55,37,76,34,49,50,38,60,89,32,42,41,26,24,28,19,45,32,27,26,30,82,45,43,67,17,52,38,0,53,61,100,43,66,48,64,65,31,64,49,80,16,76,62,83,0,64,0,0,67,75,48,47,28,51,41,46,44,41,32,41,69
2021-10-31,0,13,39,67,13,54,36,74,35,42,49,37,55,57,23,47,35,28,26,51,15,38,45,27,27,30,64,67,46,53,9,51,30,0,57,48,97,42,59,51,62,83,24,64,63,78,14,40,68,73,0,46,0,0,65,72,40,61,0,50,45,40,46,41,48,34,59
2021-11-07,0,15,25,84,0,65,36,70,34,45,46,38,55,36,23,46,42,27,25,43,13,37,21,20,24,31,47,48,42,61,13,52,22,0,48,41,93,45,63,55,59,70,31,58,52,93,15,41,71,59,71,52,0,0,66,66,40,49,20,52,37,47,43,44,45,29,55
2021-11-14,4,16,14,77,0,47,34,66,34,52,49,35,46,39,21,48,43,24,28,61,18,37,39,24,46,29,45,52,42,63,12,44,27,0,55,59,76,47,62,43,61,61,24,58,37,88,16,51,74,63,0,0,0,0,68,69,40,76,16,48,39,46,45,50,54,29,47
2021-11-21,4,15,25,83,0,64,35,64,23,44,44,35,43,36,24,48,55,24,26,46,17,38,27,19,30,30,46,43,45,47,13,64,34,0,59,53,83,46,70,51,67,65,22,60,49,85,17,48,79,64,0,0,0,0,68,66,35,77,0,59,39,57,39,41,36,32,47
2021-11-28,0,15,25,80,0,50,36,58,27,47,41,24,46,30,25,41,43,27,23,56,12,31,36,21,25,31,44,52,45,57,12,54,30,0,49,47,72,40,66,57,73,53,32,58,55,76,14,52,69,59,0,0,0,55,65,64,40,71,0,61,37,55,43,43,47,32,56
2021-12-05,5,17,21,61,0,69,34,58,25,48,64,32,46,32,22,45,35,24,25,58,15,37,29,26,46,28,58,54,55,57,11,65,28,0,34,50,57,41,71,55,72,59,34,66,51,80,19,38,63,63,60,0,0,0,68,67,41,68,0,54,37,53,43,43,57,25,54
2021-12-12,7,18,20,57,0,61,34,59,23,56,44,29,40,33,29,47,48,21,23,55,12,39,23,28,31,30,54,41,48,64,14,37,26,0,33,46,59,44,61,47,66,64,28,58,68,78,17,40,55,56,52,0,67,56,65,75,40,59,20,51,41,62,42,39,50,33,35
2021-12-19,8,22,31,66,0,70,37,56,21,51,40,30,43,31,27,50,41,25,30,47,10,42,0,27,40,30,50,42,47,54,14,75,26,0,26,47,62,40,63,52,84,59,34,58,51,78,17,54,57,63,100,0,0,0,67,68,42,78,19,47,44,89,46,32,54,32,45
2021-12-26,6,18,27,58,0,75,37,55,21,57,47,29,37,26,25,50,51,25,30,47,17,36,21,29,40,29,47,39,44,69,9,78,27,0,27,47,53,41,63,53,81,62,26,51,59,74,18,92,64,63,63,0,0,0,61,77,40,56,0,62,47,73,54,38,62,35,46
2022-01-02,7,20,28,72,0,86,37,52,17,57,50,35,45,29,27,54,63,27,25,77,13,60,38,21,43,28,53,65,43,70,15,66,35,0,20,46,49,50,75,55,86,68,33,71,57,59,16,47,51,69,0,75,0,0,74,86,45,62,40,70,62,60,60,55,60,42,61
2022-01-09,0,21,0,66,0,63,38,67,27,60,55,36,40,31,25,52,41,22,27,78,21,35,0,24,48,27,56,65,38,65,18,81,31,0,31,56,53,55,79,62,88,60,41,67,0,63,29,54,46,62,100,0,0,0,76,85,43,78,0,73,41,71,53,55,50,55,47
2022-01-16,0,16,22,59,0,73,41,55,29,57,49,29,36,27,25,42,33,24,30,62,13,38,24,34,49,28,52,58,36,69,15,67,33,0,35,42,45,46,74,55,83,56,32,57,51,60,27,49,50,60,95,60,0,0,70,64,39,90,0,60,43,65,48,47,53,52,58
2022-01-23,0,30,26,69,0,61,37,56,38,53,52,29,37,34,26,55,41,32,25,64,34,35,41,28,41,39,57,57,40,74,16,44,26,0,21,62,53,57,82,53,88,45,35,69,56,61,19,49,51,58,0,0,0,0,75,75,44,81,16,50,45,70,54,39,77,38,41
2022-01-30,7,28,19,54,0,57,35,51,60,49,57,32,42,32,26,59,35,28,31,31,49,22,0,32,54,40,50,47,38,73,15,63,29,0,18,41,42,49,82,54,94,63,53,57,44,76,20,67,52,66,0,0,0,0,74,75,38,48,24,48,53,77,57,44,57,65,63
2022-02-06,6,21,25,70,0,99,34,52,33,42,50,27,46,32,26,57,51,27,27,72,19,35,32,31,42,59,57,53,37,63,12,59,31,0,31,32,49,51,66,59,84,56,49,60,71,54,18,48,44,73,0,79,0,0,75,72,46,74,35,45,48,55,53,50,55,45,57
2022-02-13,8,34,26,81,0,79,37,54,33,51,51,36,38,36,30,60,48,27,25,69,28,36,30,23,45,74,65,50,44,61,12,54,31,0,33,48,52,47,65,66,78,61,34,61,85,49,16,44,45,67,84,0,0,0,73,71,41,76,20,47,56,60,51,33,56,49,72
2022-02-20,7,27,25,69,9,64,34,50,22,49,50,35,40,30,20,54,45,30,23,66,21,30,0,27,40,35,58,44,49,64,14,69,28,0,28,45,49,53,64,54,90,53,44,67,58,46,18,53,61,59,0,56,0,0,74,68,36,69,15,46,73,56,48,43,53,30,72
2022-02-27,11,26,36,51,11,85,36,46,21,49,50,32,34,32,25,51,56,31,22,73,13,33,35,23,55,33,59,49,62,66,14,45,20,0,21,53,44,49,65,58,77,53,32,65,58,43,18,57,48,73,75,58,0,0,70,66,35,81,21,44,73,57,41,34,63,36,56
2022-03-06,11,27,25,58,20,66,36,47,24,49,47,35,41,27,24,52,59,28,26,68,17,39,20,24,42,33,69,52,74,70,14,58,24,0,33,40,38,49,62,67,74,54,31,58,75,46,17,70,49,66,68,0,0,0,69,66,38,60,17,47,61,44,51,46,53,37,57
2022-03-13,15,30,42,63,22,86,45,44,32,48,46,40,49,30,30,58,59,31,26,61,17,38,31,25,40,40,86,55,100,64,14,61,29,0,33,57,45,52,63,60,73,57,28,56,64,48,17,66,51,70,55,53,0,0,71,68,49,61,38,47,57,51,44,40,49,40,60
2022-03-20,17,27,46,58,25,89,34,47,29,50,44,45,47,29,26,58,55,33,22,73,18,29,30,26,37,30,56,50,99,70,13,65,30,74,38,45,56,48,60,58,70,50,27,58,69,52,16,69,55,65,0,48,0,79,72,63,44,57,47,49,63,46,48,44,61,29,53
2022-03-27,15,26,44,60,22,76,31,42,33,46,44,40,51,27,28,59,57,31,23,54,23,47,28,25,40,29,60,49,95,71,10,59,30,0,25,45,52,46,63,58,74,46,30,68,85,47,18,45,58,66,44,53,66,66,76,64,47,55,39,48,100,48,57,41,50,42,65
2022-04-03,12,33,50,69,33,70,32,40,27,50,45,48,53,24,34,60,56,30,24,49,42,48,45,22,50,28,55,47,98,76,12,62,31,39,45,58,48,46,63,56,74,61,34,67,47,44,14,61,58,60,0,59,0,46,73,61,43,65,36,47,97,53,50,50,58,86,82
2022-04-10,13,22,50,65,23,87,31,44,28,45,43,54,53,26,35,68,42,37,28,50,55,43,28,20,42,29,55,58,94,79,11,62,29,39,20,52,40,53,65,58,70,63,40,65,57,43,21,43,61,62,0,0,0,60,75,61,40,77,18,53,97,48,58,50,60,51,89
2022-04-17,14,24,45,65,39,74,30,44,22,46,47,57,54,32,33,75,53,36,28,61,58,44,34,25,49,29,55,45,94,73,12,70,29,0,34,67,43,46,68,60,69,52,43,58,77,45,19,49,57,59,0,50,0,52,77,59,44,87,22,60,99,50,58,55,49,30,77
2022-04-24,15,26,53,57,51,86,30,48,28,47,46,65,59,29,35,74,45,35,24,52,40,43,26,33,53,31,60,47,90,74,14,45,29,43,26,77,36,49,64,53,69,54,31,76,53,47,19,58,58,61,0,58,0,59,73,60,47,85,29,55,71,53,61,54,30,40,100
2022-05-01,11,33,54,54,56,69,30,43,27,47,47,64,59,26,32,80,57,39,27,56,31,36,35,21,42,31,57,51,70,74,13,82,21,0,20,75,42,47,65,52,78,54,33,69,63,50,18,47,56,68,46,51,0,0,78,61,52,100,32,55,69,53,57,51,57,53,72
2022-05-08,13,22,52,62,56,66,34,40,25,50,41,61,51,23,35,75,49,37,29,47,25,44,36,22,41,29,57,54,88,65,15,67,27,0,26,70,38,54,58,51,73,58,36,71,53,39,17,54,60,60,54,46,0,0,86,58,57,81,12,59,62,55,60,50,59,37,70
2022-05-15,12,26,46,50,56,69,35,42,33,43,42,68,43,23,32,75,45,36,38,43,25,51,39,54,45,27,56,48,88,71,12,81,26,0,25,55,40,48,62,55,71,44,28,70,81,41,17,45,56,67,50,77,64,75,75,63,45,64,13,57,79,48,64,52,46,39,69
2022-05-22,8,25,50,56,56,73,30,42,14,45,41,73,40,25,33,73,48,36,37,70,23,58,0,29,40,25,49,46,97,61,14,65,32,0,27,66,33,49,62,51,71,54,41,88,81,50,17,66,57,66,0,45,0,66,77,61,47,65,0,58,63,50,62,57,64,43,73
2022-05-29,8,23,45,61,66,81,33,38,15,45,42,72,50,29,44,78,49,37,39,63,20,50,23,27,56,27,64,58,87,67,12,55,32,53,21,68,34,48,61,50,74,54,37,82,71,49,16,52,60,73,0,46,0,0,78,61,50,64,19,56,70,55,65,54,67,34,80
2022-06-05,7,27,52,49,53,73,36,37,12,43,47,73,54,32,40,74,62,38,35,38,18,46,31,24,41,29,64,61,72,85,13,60,30,0,33,51,27,50,58,61,76,48,39,68,69,53,16,71,58,59,69,45,0,71,76,62,60,69,16,58,69,49,63,62,54,38,70
2022-06-12,8,32,45,54,58,71,43,40,18,39,42,67,57,30,39,67,61,36,38,61,20,55,22,26,40,27,54,51,61,65,13,69,29,0,25,59,33,52,62,58,72,47,37,62,43,54,16,62,59,64,0,0,65,0,74,60,64,54,29,54,56,56,61,60,71,32,53
2022-06-19,5,40,54,60,58,62,52,40,20,42,42,81,57,35,41,75,44,43,33,58,18,49,23,23,52,27,49,59,60,66,11,76,25,43,27,51,35,53,60,51,76,46,31,81,61,57,18,69,56,61,68,0,82,0,76,60,51,60,21,52,58,52,65,58,51,36,60
2022-06-26,6,43,48,54,41,61,51,39,14,40,47,72,52,30,38,67,41,41,31,57,21,55,32,25,54,26,56,53,64,66,11,70,24,0,32,46,25,50,69,50,70,51,36,72,63,59,16,62,55,70,49,0,0,0,73,59,62,63,25,56,63,56,59,56,58,37,71
2022-07-03,6,41,53,51,43,69,47,40,14,44,48,79,61,37,60,80,53,36,27,46,18,58,39,24,58,30,50,46,64,62,10,55,23,0,31,55,29,52,56,45,78,50,32,77,69,65,18,56,52,66,47,0,61,59,75,59,58,67,28,58,65,49,72,55,55,42,67
2022-07-10,4,36,40,51,33,65,46,42,22,43,52,69,62,43,64,78,43,30,25,47,19,39,35,24,56,26,59,55,67,68,12,53,25,0,33,56,31,49,57,48,76,51,31,81,44,73,15,43,52,63,0,47,75,0,73,55,55,50,17,56,77,54,64,53,53,45,56
2022-07-17,4,55,45,53,50,66,42,47,26,48,52,75,63,47,62,68,56,31,24,45,18,41,29,20,54,27,69,55,66,70,10,53,29,0,35,68,33,50,57,51,75,45,25,75,50,72,19,53,53,62,0,0,79,58,74,58,50,63,15,59,80,51,63,57,31,44,56
2022-07-24,0,59,47,53,41,69,42,52,71,44,49,73,72,47,65,67,60,29,27,39,23,34,30,32,57,25,71,51,54,71,11,58,25,0,31,64,32,48,58,55,79,49,27,78,57,71,19,66,56,56,0,55,0,0,76,60,47,74,27,57,71,50,67,50,22,39,73
2022-07-31,3,62,56,55,50,62,39,49,40,42,50,64,68,48,81,58,60,25,31,44,11,39,35,26,56,28,61,49,53,71,12,65,22,46,35,64,28,50,55,52,77,50,31,74,45,72,16,57,54,59,0,0,56,83,73,66,48,60,23,56,63,49,71,54,27,27,47
2022-08-07,6,62,46,47,40,62,37,48,35,49,49,56,68,44,63,56,56,29,30,47,13,31,30,23,50,29,50,54,42,68,9,56,25,0,47,56,39,47,53,57,75,51,35,66,30,71,16,48,50,57,0,0,0,59,73,63,44,76,28,57,70,49,67,40,0,100,64
2022-08-14,6,65,53,53,32,59,42,56,29,48,58,65,72,42,67,54,58,30,28,37,19,36,32,24,50,26,55,51,10,69,9,55,25,49,46,55,42,49,63,53,77,53,37,86,54,65,15,52,53,61,0,57,0,0,72,61,48,73,31,54,64,53,71,51,27,62,55
2022-08-21,0,49,55,57,21,46,34,54,30,47,65,51,85,44,66,59,46,31,29,65,16,35,27,28,46,27,57,58,8,69,8,60,32,46,57,76,38,53,66,51,77,62,30,70,38,54,18,53,53,58,0,0,0,57,79,62,43,70,28,55,63,53,76,48,23,53,66
2022-08-28,5,39,49,47,35,72,32,57,33,47,63,50,63,42,64,57,50,27,23,50,21,44,35,24,38,29,50,57,24,72,10,39,31,53,53,67,37,50,80,57,74,52,27,65,57,59,17,49,52,56,53,56,0,84,75,59,41,74,13,52,72,60,80,53,23,43,64
2022-09-04,4,34,58,61,33,55,29,51,83,46,79,53,61,46,52,50,49,23,19,33,57,19,35,30,32,26,57,60,53,81,10,51,32,0,47,72,38,45,75,49,70,47,26,74,47,63,18,50,54,52,58,0,0,57,70,63,36,62,12,56,67,65,67,58,29,36,72
2022-09-11,3,25,48,48,37,64,31,58,34,53,80,52,62,47,58,45,56,27,22,50,23,20,39,32,34,30,53,64,52,68,9,72,30,0,60,70,43,50,61,49,66,48,32,73,37,60,18,49,50,50,0,43,0,49,77,65,48,67,26,61,76,54,61,50,37,46,71
2022-09-18,5,27,41,61,36,67,31,61,29,41,73,55,60,42,61,47,54,31,27,35,26,16,23,31,41,30,53,63,52,69,9,65,26,0,62,67,46,50,64,52,78,48,34,69,47,54,18,68,56,52,0,51,0,54,90,65,44,73,26,59,83,51,64,48,24,38,75
2022-09-25,5,23,48,55,30,60,29,68,31,40,57,53,64,49,51,46,52,25,23,39,20,32,34,34,26,28,60,68,52,87,11,53,21,42,72,65,38,53,63,56,68,55,38,69,48,50,16,76,54,80,0,44,53,69,74,73,38,98,18,57,80,48,67,45,24,45,72
2022-10-02,4,25,49,54,38,75,31,71,26,44,53,54,68,56,46,47,47,27,25,41,19,33,22,32,39,29,62,60,47,78,10,44,26,0,46,68,38,46,64,48,74,50,52,62,60,52,18,76,55,60,0,0,0,53,82,69,37,82,23,56,78,53,71,47,29,41,79
2022-10-09,6,21,42,61,19,57,31,72,25,41,57,53,59,64,50,50,32,27,26,48,19,38,37,27,37,31,59,47,48,70,11,56,28,50,48,60,48,48,62,53,68,60,58,62,55,32,20,58,56,57,0,58,64,45,82,66,40,81,26,54,71,59,64,50,19,35,75
2022-10-16,4,20,45,65,19,57,30,83,26,54,57,55,60,76,50,51,52,26,25,44,21,22,24,31,35,32,63,66,51,66,12,49,28,45,52,60,51,51,64,57,81,49,49,58,68,37,23,65,56,50,0,71,53,64,76,67,33,87,14,56,72,52,69,43,31,43,61
2022-10-23,0,20,38,73,14,74,33,79,26,49,55,56,60,100,40,53,33,30,25,39,16,27,48,24,39,33,81,54,55,78,11,47,34,50,50,64,59,50,57,50,71,48,49,54,52,52,19,70,56,59,0,49,0,45,82,66,40,81,24,54,69,54,63,46,18,50,63
2022-10-30,3,21,33,78,16,71,32,64,27,46,54,52,52,59,37,49,45,30,30,55,16,25,27,34,37,33,74,46,49,79,10,65,28,0,53,61,56,52,61,57,72,52,37,60,37,43,16,62,60,51,0,43,0,0,76,66,42,74,21,54,59,50,55,43,0,39,73
2022-11-06,5,16,31,85,9,62,28,63,32,46,53,57,53,44,33,54,51,23,28,48,15,35,25,22,33,47,64,44,58,75,11,46,32,0,50,56,54,51,60,52,69,45,34,62,45,45,17,62,65,55,0,39,0,54,79,72,41,71,0,58,61,55,57,45,25,42,50
2022-11-13,4,19,33,78,9,71,29,61,33,43,56,50,56,38,33,50,43,21,27,58,14,29,46,25,30,37,59,57,50,64,13,53,25,0,52,68,54,51,56,52,73,54,54,58,46,52,17,66,65,50,0,44,60,0,75,73,35,71,17,55,61,50,55,44,17,43,58
2022-11-20,4,18,27,95,8,62,28,57,26,35,54,48,52,37,32,47,49,23,26,52,15,40,30,27,40,32,87,44,50,66,10,57,27,0,53,41,57,48,53,53,67,40,51,60,64,49,17,63,67,57,0,57,0,0,75,64,42,57,16,55,69,58,63,43,19,29,71
2022-11-27,4,20,29,83,0,52,29,56,22,36,52,60,52,33,30,42,49,25,25,44,12,34,32,25,32,44,79,41,48,71,11,40,27,0,46,44,54,49,50,49,66,43,38,61,47,40,23,44,60,52,62,45,0,0,77,66,34,73,16,51,64,53,59,45,26,34,44
2022-12-04,3,17,25,72,0,65,29,55,26,39,54,52,54,31,30,46,45,21,22,60,13,28,25,30,51,37,80,53,53,71,15,54,28,0,46,56,62,55,52,48,71,48,44,48,32,53,17,61,58,52,0,0,0,85,81,64,42,54,18,53,60,55,59,43,0,40,51
2022-12-11,4,12,23,76,10,66,29,59,19,37,52,49,51,35,34,60,55,25,25,51,12,45,23,35,48,35,62,42,49,70,10,62,28,55,35,48,58,49,51,48,70,41,48,54,53,66,19,62,55,48,0,0,0,69,75,63,37,64,12,51,63,64,55,46,23,48,57
2022-12-18,7,0,34,65,0,65,29,59,24,39,52,52,52,32,31,53,37,24,25,52,16,28,28,29,49,37,71,40,47,75,15,75,26,67,24,53,55,53,48,46,83,41,49,69,62,59,26,52,52,47,0,56,0,74,75,71,45,72,0,57,68,92,56,36,21,35,60
2022-12-25,0,15,29,59,0,71,31,51,30,38,49,52,48,28,23,49,50,22,24,64,8,30,31,30,51,34,67,44,43,81,11,39,25,0,36,55,49,50,58,43,86,55,63,52,31,61,20,56,53,62,59,48,0,0,77,66,35,57,18,54,74,81,59,40,26,46,54
2023-01-01,0,12,23,69,9,62,31,61,30,42,50,54,49,29,28,54,40,25,21,60,17,27,44,31,43,39,67,45,40,87,11,53,32,46,34,57,49,56,64,55,73,42,70,68,58,60,21,53,56,59,49,0,0,69,76,63,40,61,13,50,72,74,62,43,26,49,64
2023-01-08,5,13,24,64,0,72,29,57,32,45,53,52,46,28,21,53,50,27,27,70,17,32,45,35,44,36,66,48,36,85,8,66,32,0,41,59,48,52,61,51,75,49,85,64,55,56,20,56,48,51,0,52,64,0,87,66,41,54,25,55,71,70,62,48,32,52,58
2023-01-15,5,16,30,58,7,72,31,49,54,46,51,49,50,27,24,53,59,23,22,55,43,27,28,35,52,39,65,50,39,78,11,38,23,0,28,58,44,55,63,53,78,48,87,61,38,60,21,70,44,52,0,47,0,0,74,66,41,54,0,50,64,76,63,54,31,47,54
2023-01-22,5,10,16,56,0,64,28,47,35,42,56,58,52,34,22,50,56,26,20,55,26,34,43,18,49,35,59,53,40,69,11,59,28,47,22,45,41,55,52,60,73,39,71,55,54,67,22,67,44,58,49,0,0,45,77,72,42,53,0,53,65,62,57,62,30,42,67
2023-01-29,4,17,40,56,0,100,31,49,32,48,48,52,50,35,28,53,50,25,24,62,29,34,29,24,50,45,57,54,37,68,12,54,22,0,29,45,39,57,61,60,71,44,85,60,51,55,24,60,41,58,49,41,0,0,71,66,39,63,14,51,65,64,57,48,37,48,60
2023-02-05,5,11,34,62,9,100,32,52,26,47,48,61,48,30,28,58,50,23,21,60,19,32,34,26,43,63,60,43,37,80,12,52,26,45,38,56,42,51,62,61,70,51,83,62,42,51,23,58,38,63,0,60,0,0,79,67,48,66,21,53,54,54,57,43,31,37,54
2023-02-12,6,10,34,65,7,75,31,47,25,50,46,61,48,26,25,60,53,24,26,62,20,35,42,29,57,86,62,53,41,74,13,65,32,0,33,49,40,48,55,56,76,51,72,55,44,54,34,54,38,61,0,76,0,0,77,64,39,65,0,49,56,54,53,45,38,43,44
2023-02-19,10,10,34,45,9,83,28,50,24,49,43,57,49,25,23,54,46,29,26,68,16,31,32,31,44,43,64,46,46,73,13,53,27,0,34,43,42,50,55,56,77,54,83,62,62,50,28,68,39,55,54,42,0,0,80,65,38,69,22,61,69,50,58,41,23,33,70
2023-02-26,11,10,29,63,7,75,31,47,31,43,43,56,45,30,24,55,57,30,25,62,17,34,36,26,50,38,59,46,51,78,12,62,21,0,30,53,41,50,56,55,76,63,84,62,64,54,23,71,37,55,0,64,74,0,79,61,42,52,26,56,66,47,53,40,33,33,67
2023-03-05,11,16,36,61,10,68,34,46,28,54,45,56,47,24,53,54,38,26,22,53,14,35,36,28,69,42,69,67,77,72,13,49,25,0,31,68,38,57,63,63,68,58,94,71,47,33,21,55,38,54,58,47,0,65,82,60,46,62,16,60,61,44,62,47,20,40,56
2023-03-12,10,19,41,56,19,68,37,45,30,53,46,70,52,28,66,58,52,28,27,63,18,35,32,30,71,52,89,60,84,64,17,53,22,40,27,61,41,54,56,54,81,46,86,69,44,30,21,82,40,61,0,48,90,64,82,61,39,59,19,62,51,51,64,43,15,28,59
2023-03-19,12,18,42,61,29,73,39,44,28,56,45,65,52,26,73,61,52,33,29,66,19,41,39,22,76,34,56,64,81,74,14,53,26,52,31,73,42,55,57,53,73,42,83,79,50,24,19,46,40,52,0,39,0,42,91,73,47,84,26,65,59,50,64,48,24,43,68
2023-03-26,12,13,39,53,23,56,31,44,32,57,49,67,56,29,76,83,56,26,26,49,30,38,43,30,66,34,54,53,82,73,15,37,28,0,36,72,44,57,59,53,77,51,86,67,49,24,20,38,45,59,0,45,86,49,86,58,49,73,20,66,57,48,67,53,0,48,59
2023-04-02,13,16,52,54,29,80,34,45,27,56,45,70,55,27,63,74,54,33,29,45,60,48,33,29,73,43,64,44,86,77,14,43,25,0,29,80,47,55,56,53,76,52,80,71,30,22,17,60,39,58,0,46,52,43,92,64,56,70,17,73,41,46,68,49,31,35,68
2023-04-09,12,18,54,52,32,65,33,62,30,43,50,73,56,29,69,78,52,31,31,50,61,51,26,28,72,36,64,49,80,80,50,55,22,41,43,77,46,50,58,55,78,54,87,63,37,35,17,52,39,55,40,41,93,58,82,65,51,64,15,65,51,48,67,50,25,41,62
2023-04-16,14,17,56,51,38,70,32,58,28,50,47,85,61,26,62,74,49,31,26,54,46,45,35,30,63,36,64,47,79,73,61,49,21,0,46,87,44,54,56,44,77,54,88,63,37,33,16,41,40,53,0,37,73,53,88,63,52,52,16,65,57,49,66,52,19,34,63
2023-04-23,16,20,57,51,37,76,33,55,28,48,45,77,59,28,67,76,47,31,28,40,43,44,40,34,84,33,63,47,79,73,60,67,25,47,20,95,44,52,54,44,78,57,85,67,41,24,17,54,36,58,0,0,0,49,80,60,48,65,17,66,58,51,67,62,22,44,57
2023-04-30,9,17,50,49,43,78,32,63,29,48,51,83,62,33,67,77,55,35,28,40,35,48,21,31,85,38,64,56,73,83,61,55,24,49,34,92,58,56,68,50,83,54,87,79,46,24,17,63,39,61,0,42,0,0,95,64,43,55,24,66,65,53,82,57,29,42,64
2023-05-07,9,16,57,59,56,67,36,60,26,49,53,79,60,30,72,74,48,43,31,48,31,40,39,29,55,37,62,53,85,76,60,51,22,0,27,95,48,57,55,55,79,55,86,83,44,22,17,60,40,56,0,42,81,68,98,63,50,55,15,67,61,50,78,51,22,54,82
2023-05-14,7,18,43,47,54,64,37,50,22,45,55,68,57,35,89,72,34,38,38,61,19,46,27,19,42,46,72,43,81,65,71,36,22,0,20,99,56,59,54,41,86,45,83,91,50,14,14,73,33,51,0,43,0,54,91,54,61,56,19,84,48,47,75,48,24,30,66
2023-05-21,8,18,41,43,40,55,38,47,18,36,52,68,57,37,92,90,43,32,42,67,21,36,20,20,33,52,68,39,75,64,76,24,25,0,29,95,56,64,47,38,88,37,79,86,50,12,15,93,29,39,0,29,46,44,94,47,61,46,12,77,41,37,80,40,17,34,44
2023-05-28,5,18,29,47,37,66,40,50,21,31,51,73,55,34,74,100,40,38,43,83,22,45,37,20,56,51,63,36,69,51,73,35,21,34,24,90,55,52,52,43,96,46,78,85,56,17,13,85,31,49,0,28,0,57,95,48,59,46,16,79,42,37,80,38,23,41,47
2023-06-04,6,15,37,41,39,57,41,46,17,34,55,74,53,32,54,91,45,41,40,76,17,39,26,23,71,53,70,49,73,100,73,47,22,34,23,67,49,72,52,36,91,48,88,80,41,19,18,84,31,45,0,36,52,42,91,52,63,46,20,79,39,33,74,36,30,42,45
2023-06-11,4,20,38,47,42,62,47,43,18,37,50,77,53,35,59,82,35,44,41,79,15,43,21,21,75,50,65,45,72,67,71,28,23,42,22,77,47,100,51,42,88,37,83,78,55,14,15,100,31,41,33,0,56,39,92,61,59,62,14,85,37,36,79,37,20,39,55
2023-06-18,6,21,33,52,41,53,51,42,15,36,52,79,47,33,55,78,53,40,38,83,18,43,30,18,71,51,61,43,74,63,66,40,24,0,27,67,45,84,55,40,83,38,86,76,47,15,14,90,31,46,0,0,48,46,90,61,61,42,13,84,43,40,77,39,17,36,58
2023-06-25,4,20,27,48,33,62,62,46,17,30,53,78,61,35,62,77,42,41,37,71,13,45,16,17,70,48,59,49,74,62,66,36,19,40,23,74,48,72,49,43,85,46,77,82,31,19,12,96,31,45,0,0,0,52,90,52,50,55,26,84,35,36,76,43,29,36,54
2023-07-02,3,25,34,38,37,54,58,43,19,39,55,77,55,35,68,78,50,37,34,64,11,36,19,22,69,50,59,41,72,60,69,35,24,37,21,61,37,68,46,50,85,47,85,85,37,20,15,67,32,42,0,50,0,35,92,51,56,50,19,87,40,40,77,47,12,43,53
2023-07-09,3,26,40,45,32,47,51,41,16,33,57,75,53,38,68,69,59,40,31,54,15,48,16,20,58,47,60,34,75,70,65,35,16,39,28,74,40,60,48,46,90,41,78,76,24,18,18,73,33,49,0,35,57,49,88,65,52,49,17,83,40,35,76,45,28,35,50
2023-07-16,3,32,39,38,30,46,45,40,18,34,49,68,58,37,61,69,41,32,29,58,13,54,19,22,46,50,59,42,70,64,64,33,21,36,33,57,38,65,50,48,83,40,83,73,28,20,19,91,30,52,0,0,57,45,86,68,60,62,13,81,36,36,74,39,21,32,48
2023-07-23,4,33,45,45,22,59,52,46,19,33,51,75,62,37,66,65,45,31,30,85,15,42,32,15,35,50,61,40,58,67,67,39,21,0,37,69,43,65,47,43,84,40,91,78,34,22,15,89,29,49,0,0,51,37,93,66,59,59,18,91,36,31,79,35,19,34,53
2023-07-30,4,35,33,43,35,53,53,47,17,42,51,78,62,44,66,65,48,31,29,54,13,51,30,20,45,46,64,46,62,63,62,55,18,37,36,73,37,60,42,43,96,39,90,80,38,26,14,68,31,44,47,50,0,63,86,63,66,54,25,87,46,35,93,41,18,35,50
2023-08-06,0,30,28,45,31,57,49,45,16,42,50,71,59,44,81,61,39,37,31,49,13,46,31,23,44,47,57,41,59,69,62,66,20,0,42,79,41,59,50,40,81,52,89,81,39,31,17,71,29,46,0,51,53,37,86,58,58,41,14,84,41,39,75,36,21,23,37
2023-08-13,4,38,38,46,35,65,49,47,16,44,53,69,65,40,88,63,37,34,29,54,10,41,32,19,74,47,61,48,58,66,59,49,22,44,54,70,36,62,53,46,87,42,87,80,35,32,16,77,30,46,0,36,57,0,87,64,61,58,15,80,40,41,80,34,22,30,53
2023-08-20,5,37,42,52,28,50,45,48,21,48,53,60,63,41,78,67,44,35,28,62,13,29,33,20,88,51,60,34,71,70,62,38,19,43,61,72,44,68,56,42,91,43,83,83,38,34,16,88,33,52,0,35,48,37,84,64,56,57,15,82,40,37,86,36,22,44,49
2023-08-27,5,26,34,41,26,67,48,47,20,48,60,62,64,42,79,60,45,31,34,71,13,42,20,18,66,49,65,40,72,67,63,41,19,51,45,63,50,65,66,43,88,48,80,78,42,38,17,71,32,44,0,44,49,41,84,58,52,52,16,83,42,38,86,42,17,40,53
2023-09-03,0,26,34,40,16,63,42,54,23,48,63,56,60,41,78,54,53,29,28,58,12,39,17,17,34,47,67,37,74,63,63,31,20,35,49,52,42,66,67,47,85,45,84,80,38,33,14,73,30,47,39,0,0,0,88,57,57,51,22,87,40,43,78,38,0,39,62
2023-09-10,3,23,39,32,22,62,41,53,21,52,66,58,60,40,73,52,56,27,26,77,15,37,25,19,57,46,63,38,69,64,62,54,24,0,60,53,44,56,73,45,86,37,84,74,40,32,17,81,33,46,0,32,46,62,80,55,48,64,19,79,37,42,72,39,13,47,52
2023-09-17,5,21,44,44,34,70,46,56,28,47,73,52,52,40,65,52,40,32,26,57,18,24,28,21,51,48,62,42,72,67,66,34,22,42,43,63,46,57,66,38,91,36,83,73,27,28,17,80,31,46,0,32,54,0,91,53,44,55,14,76,39,43,76,42,13,30,52
2023-09-24,4,24,37,48,17,61,41,53,54,57,80,57,68,43,64,55,28,30,29,59,47,38,31,20,62,49,68,40,60,69,67,37,24,0,39,78,54,62,73,43,97,40,83,75,32,22,15,73,29,40,0,0,50,41,93,61,45,51,0,72,47,50,76,44,28,39,55
2023-10-01,4,16,29,56,21,65,42,66,29,54,74,53,58,43,59,52,51,28,28,67,18,24,31,19,63,49,71,42,56,68,70,42,25,0,49,65,54,60,70,41,95,36,91,80,44,18,19,59,32,46,57,58,0,0,82,57,57,55,10,74,45,40,76,44,16,30,61
2023-10-08,3,18,42,43,20,63,44,74,32,47,75,59,62,48,61,57,43,33,28,60,13,38,100,18,65,52,62,44,62,65,71,32,23,34,42,54,60,61,69,42,89,39,88,71,49,18,15,73,35,49,0,0,0,38,91,64,56,60,19,70,39,41,73,39,18,38,64
2023-10-15,5,14,28,53,12,68,45,68,27,44,68,49,59,52,60,57,33,26,27,66,19,35,66,23,63,57,70,43,65,70,66,41,24,0,44,59,72,64,66,50,88,44,86,77,39,18,16,90,33,52,0,0,0,53,93,60,52,65,14,79,37,44,71,40,18,32,55
2023-10-22,4,17,30,53,13,60,44,73,27,51,59,33,60,57,63,57,41,31,26,64,19,46,41,23,78,54,75,42,65,68,62,38,24,33,40,65,73,58,64,43,91,49,84,80,30,20,17,79,36,47,0,34,52,37,89,62,54,49,18,76,38,42,79,42,21,29,48
2023-10-29,4,13,30,59,9,68,42,57,22,57,61,31,57,54,56,51,39,31,28,67,15,31,31,20,74,58,72,45,69,71,64,31,22,55,41,55,70,64,64,47,95,45,82,79,29,18,16,76,36,46,35,38,64,42,89,65,48,47,14,84,46,42,79,37,20,50,51
2023-11-05,5,13,19,56,8,66,43,65,22,47,54,37,58,48,59,52,43,28,27,86,12,36,29,18,65,60,72,39,65,72,67,39,25,36,56,60,69,67,63,42,84,44,79,84,30,17,18,79,39,45,0,36,50,36,97,72,48,63,9,79,49,40,68,31,23,35,53
2023-11-12,3,19,18,59,11,73,43,59,25,52,53,31,51,46,61,50,43,31,29,63,15,31,37,22,100,59,75,37,63,72,69,49,24,0,57,68,74,65,58,43,90,35,87,74,39,16,19,69,42,41,57,48,0,47,91,67,46,51,12,82,47,45,72,36,20,28,56
2023-11-19,2,15,17,70,0,74,40,62,19,44,51,41,51,43,60,53,44,26,30,68,14,26,45,24,81,50,66,43,62,68,87,37,31,36,48,57,71,60,66,47,88,45,86,70,44,15,16,64,45,43,0,50,0,0,92,74,45,70,17,78,46,46,73,40,23,30,54
2023-11-26,3,15,30,75,0,75,43,54,23,54,55,56,49,35,49,51,42,27,26,65,15,38,24,21,64,54,72,39,68,71,100,34,25,0,53,69,71,57,63,50,87,45,90,75,31,17,20,60,42,41,48,36,0,0,93,71,46,46,18,73,47,47,66,38,13,38,50
2023-12-03,3,17,22,66,0,56,45,51,26,42,50,48,49,35,47,50,47,27,25,69,14,42,29,24,44,55,66,44,66,64,77,37,23,34,40,63,67,58,61,40,96,42,88,75,22,13,16,70,33,38,38,0,0,50,97,64,49,57,10,82,44,45,66,37,13,33,55
2023-12-10,3,11,11,52,10,71,40,51,23,47,52,52,44,36,48,47,38,25,26,83,13,37,22,21,44,53,68,34,66,66,79,31,21,0,43,46,66,52,59,43,91,41,78,70,37,14,14,60,32,33,0,30,0,0,87,61,52,52,12,74,42,51,66,38,26,27,35
2023-12-17,3,14,21,56,6,71,42,52,18,34,59,50,44,33,46,48,43,29,25,85,12,39,22,20,36,60,71,31,64,72,70,43,24,0,23,43,68,52,59,38,95,38,92,71,39,9,19,74,29,33,0,33,0,36,87,67,43,67,12,73,44,60,64,33,20,29,46
2023-12-24,3,14,27,59,0,70,39,46,18,49,78,51,46,31,40,51,38,26,35,82,12,37,14,22,35,55,66,40,55,64,71,43,20,0,22,41,60,53,61,42,100,39,94,75,52,9,19,61,29,41,0,38,0,53,86,70,48,66,13,81,45,64,65,31,17,33,41
2023-12-31,5,11,21,58,0,86,41,50,20,48,81,49,45,32,38,51,38,27,24,64,8,32,21,21,31,56,69,34,43,64,70,40,20,39,19,44,53,50,56,47,90,41,92,71,36,8,17,69,26,37,0,36,0,0,89,70,51,84,17,78,54,51,76,39,33,45,42
2024-01-07,4,9,20,49,0,72,44,49,20,52,98,47,49,36,40,52,39,32,25,89,9,46,23,22,43,58,73,43,42,74,76,31,25,0,32,47,57,52,62,45,90,45,84,71,31,6,17,65,26,43,36,32,0,0,84,73,51,79,0,79,47,46,67,32,19,29,47
2024-01-14,4,9,17,56,0,81,40,45,19,51,81,50,44,37,44,48,41,26,27,79,15,37,27,26,40,58,69,44,46,73,77,37,21,50,28,41,55,47,62,43,99,36,80,73,36,7,19,66,27,38,36,37,0,43,86,62,42,72,15,72,39,50,62,34,0,36,39
2024-01-21,2,12,18,39,0,88,41,45,17,57,76,52,43,33,38,51,33,29,24,99,16,28,18,17,49,62,68,38,45,68,75,39,21,35,32,38,47,51,56,43,95,38,77,74,40,5,20,81,26,45,0,43,0,37,89,61,49,79,9,70,42,41,62,26,21,26,42
2024-01-28,7,8,17,46,0,96,40,41,23,47,70,48,43,30,36,51,32,26,22,87,12,28,24,22,44,65,65,36,47,79,77,43,27,41,28,48,43,66,62,40,82,34,66,69,36,3,19,70,25,40,48,60,0,0,93,54,44,73,11,66,40,49,61,32,25,22,41
2024-02-04,5,13,15,59,7,80,41,41,30,52,79,53,47,31,33,50,42,29,20,83,32,25,30,25,40,77,70,50,47,78,82,41,30,42,27,44,46,52,59,44,97,30,60,73,44,2,17,72,27,33,0,0,0,39,88,58,57,65,17,65,45,59,66,39,49,32,43
2024-02-11,9,8,18,54,7,88,41,36,19,43,75,28,46,34,34,49,43,29,22,91,23,24,24,23,38,100,80,57,45,78,67,36,21,40,28,41,52,53,58,41,92,35,56,74,20,2,17,85,24,33,39,44,0,43,93,62,58,76,14,68,42,43,65,35,18,33,52
2024-02-18,8,7,20,43,0,97,45,38,20,39,66,31,42,33,37,50,39,28,24,81,21,25,20,22,42,68,77,47,57,73,65,35,23,0,14,37,58,55,52,45,89,37,69,72,48,2,16,60,25,35,36,43,0,0,95,58,55,82,15,75,39,39,62,39,23,28,44
2024-02-25,7,9,24,42,9,89,41,39,18,39,63,41,49,35,37,56,35,30,27,91,14,39,26,26,40,64,69,46,59,69,67,43,19,0,30,43,55,56,66,44,98,40,65,75,37,2,15,91,27,39,67,0,0,0,100,53,50,70,16,67,40,45,67,45,24,36,53
2024-03-03,10,13,24,43,9,83,41,35,14,39,64,60,42,34,40,62,40,29,28,77,12,38,24,21,44,62,75,48,91,63,65,44,22,39,34,41,44,56,56,46,93,47,85,71,41,2,17,80,29,39,44,0,42,42,93,55,53,60,15,72,39,39,66,45,14,32,58
2024-03-10,13,11,21,54,11,92,47,41,16,54,58,54,42,30,45,61,42,26,24,61,15,35,25,22,38,64,100,53,81,70,70,42,22,0,25,48,49,59,86,44,92,42,93,65,36,2,17,62,32,41,0,0,0,39,94,58,50,69,10,80,44,45,63,38,17,30,65
2024-03-17,12,10,23,51,17,86,48,37,17,48,55,55,37,29,39,60,32,29,24,66,18,37,27,18,44,54,68,43,78,77,67,33,23,35,26,45,50,51,58,47,91,39,82,68,42,2,18,67,31,43,44,43,0,0,92,51,53,80,18,69,40,43,67,44,23,23,62
2024-03-24,14,10,20,56,13,85,47,38,13,45,57,54,42,33,54,63,52,32,28,83,20,48,33,22,38,54,79,40,77,77,66,46,25,47,25,53,48,60,60,46,97,37,82,80,50,2,17,74,29,41,0,36,52,44,90,55,56,70,9,77,41,38,67,41,21,23,49
2024-03-31,13,12,27,41,22,95,45,41,17,46,61,61,43,30,51,61,41,28,26,70,57,36,27,20,46,56,72,42,79,77,67,41,16,40,29,49,47,52,58,44,85,38,83,84,41,2,11,65,29,44,0,34,0,45,88,54,55,61,17,79,44,42,67,40,16,28,52
2024-04-07,15,12,38,43,20,80,43,41,14,44,62,63,45,30,48,64,43,29,27,63,45,36,32,22,32,52,66,42,82,70,65,48,20,0,37,50,47,57,58,45,84,37,84,79,47,2,16,61,30,36,0,0,57,0,84,68,51,63,11,81,46,51,73,42,18,30,70
2024-04-14,16,12,44,49,20,79,41,36,15,40,58,66,47,30,56,65,35,29,29,60,46,46,13,23,39,54,66,46,80,73,62,31,22,0,30,47,42,59,53,38,88,48,81,84,29,2,14,57,31,38,0,47,44,44,94,57,54,71,17,82,44,42,68,48,19,38,55
2024-04-21,13,11,34,43,30,81,43,39,15,43,58,64,49,31,48,66,37,28,26,63,33,44,24,20,31,99,70,44,74,72,72,38,19,13,27,57,40,67,57,40,97,35,80,81,43,1,14,76,29,37,15,42,14,16,96,55,49,67,6,77,43,41,67,38,9,35,54
2024-04-28,14,12,40,51,31,81,43,38,15,41,56,68,48,27,45,70,39,28,25,67,27,41,27,19,36,50,65,52,74,72,68,36,19,32,27,51,41,57,62,41,92,37,91,78,41,1,13,73,29,50,37,32,39,34,97,54,52,65,14,84,45,45,73,40,23,30,55
2024-05-05,11,12,37,42,27,83,42,35,13,41,60,67,47,27,43,67,39,28,25,60,26,39,22,20,33,52,67,47,69,69,65,34,18,32,24,51,40,56,57,41,94,37,82,73,44,2,13,68,27,36,39,29,38,33,95,60,50,64,14,81,43,42,100,43,18,27,49
